station,state,lat,long,value,p_value,trend
USC00011084,AL,31.0583,-87.055,-14.34591747,5.0886501834945003E-2,decrease
USC00012813,AL,30.5467,-87.8808,0,0.11129897281143999,none
USC00013160,AL,32.8347,-88.1342,0,0.24320579263769401,none
USC00013511,AL,32.6922,-87.5761,-11.6561039,8.1054129236618797E-2,decrease
USC00013816,AL,31.8814,-86.2503,0,0.60634046498027505,none
USC00017157,AL,34.1736,-86.8133,0,0.53299443209528197,none
USC00017304,AL,34.6736,-86.0536,0,0.22709999364077499,none
USC00017366,AL,32.4111,-87.0144,0,0.47763433858187998,none
USC00018024,AL,33.4164,-86.135,0,0.973755915181169,none
USC00018178,AL,31.9172,-87.7347,0,0.16896150681583699,none
USC00018323,AL,31.8075,-85.9722,-12.52622535,9.8237122011437306E-2,decrease
USC00018438,AL,32.0142,-85.7464,-18.49136057,1.6370757235137399E-2,decrease
USC00018469,AL,34.5686,-85.6064,-24.69818182,7.5415050169092403E-4,decrease
USC00020080,AZ,32.3697,-112.86,15.52831169,1.0609302323401099E-3,increase
USC00021614,AZ,34.3494,-111.6981,0,0.59193439899760603,none
USC00023160,AZ,35.2719,-111.73,0,0.42816980467004101,none
USC00024089,AZ,34.9094,-110.1544,0,0.238421669512517,none
USC00024849,AZ,36.8644,-111.6022,0,0.50456639232143496,none
USC00025512,AZ,33.4044,-110.87,27.69702695,3.4662466352758e-05,increase
USC00026250,AZ,34.1547,-114.2908,0,0.71585793566878198,none
USC00026353,AZ,31.9356,-109.8378,-10.03836672,1.7091693097610602E-2,decrease
USC00026796,AZ,34.5706,-112.4322,18.40103896,6.94504564750128e-06,increase
USC00027281,AZ,33.6489,-111.1089,16.52500892,3.63188568467047e-05,increase
USC00027370,AZ,33.0722,-111.7661,0,0.26142981914798902,none
USC00027390,AZ,32.815,-109.6808,13.34054054,3.4678002988685198E-3,increase
USC00027435,AZ,34.5172,-109.4028,0,0.107395264919167,none
USC00027716,AZ,35.3319,-112.8794,13.09741776,3.1274040239277199E-3,increase
USC00028619,AZ,31.7119,-110.0686,14.98171368,5.4511945954186197E-4,increase
USC00028815,AZ,32.2292,-110.9536,-9.538538483,9.30383406822059E-2,decrease
USC00029271,AZ,33.8214,-109.9839,-9.189526189,8.6682729435768796E-2,decrease
USC00029287,AZ,33.9792,-112.7403,0,0.25128177079404401,none
USC00029359,AZ,35.2414,-112.1928,19.56193845,1.90033752097834e-06,increase
USC00029652,AZ,32.6114,-114.635,-7.884377089,8.2998794419218994E-2,decrease
USC00030936,AR,34.8822,-91.2153,-23.19207918,1.33788569093311E-3,decrease
USC00031596,AR,35.1033,-92.4903,0,0.53302296101450997,none
USC00031632,AR,36.4083,-90.5917,-16.42597403,3.45206782606666E-3,decrease
USC00032356,AR,36.4164,-93.7917,0,0.81377745289612302,none
USC00032444,AR,36.1011,-94.1736,-12.78692553,5.1082661886406103E-2,decrease
USC00032930,AR,36.4261,-94.4481,0,0.24191667142929099,none
USC00034572,AR,36.4947,-91.535,-13.77321302,1.4857959214816099E-2,decrease
USC00034756,AR,34.5978,-94.29,0,0.52162963840762699,none
USC00035186,AR,35.6042,-91.2744,-24.9787013,3.8779683453841801E-4,decrease
USC00035754,AR,34.2256,-92.0186,-13.40993607,5.0021095534260297E-2,decrease
USC00035820,AR,36.2642,-90.9683,-14.68883117,1.3312222813664801E-2,decrease
USC00035908,AR,33.8203,-93.3878,-17.62027981,1.5425860885015401E-2,decrease
USC00036253,AR,33.8103,-91.2778,0,0.14862935393547,none
USC00036928,AR,35.3028,-93.6369,-14.06337662,3.8524820952070903E-2,decrease
USC00040693,CA,37.8744,-122.2606,21.33279954,3.34115030458517e-08,increase
USC00040924,CA,33.6139,-114.5978,0,0.67196226626098099,none
USC00041048,CA,32.9544,-115.5581,0,0.21420651193297499,none
USC00041614,CA,41.53,-120.1792,8.228571429,7.1786069715766898E-2,increase
USC00041715,CA,39.6911,-121.8211,-11.94701299,8.5481428270772297E-4,decrease
USC00041758,CA,32.64,-117.0858,36.46753247,8.05768938775551e-12,increase
USC00041912,CA,39.09,-120.9469,9.996521739,4.6352211980008301E-2,increase
USC00042239,CA,32.9897,-116.5872,0,0.30225258227468299,none
USC00042294,CA,38.535,-121.7761,0,0.34529784524583002,none
USC00042319,CA,36.4625,-116.8672,33.04934716,4.57255911917342e-09,increase
USC00042941,CA,34.705,-118.4297,15.12127573,1.79787959401165e-05,increase
USC00043161,CA,39.51,-123.7564,15.16674749,2.7863810302931499E-2,increase
USC00043747,CA,36.3158,-119.6369,10.93090909,5.96681438842091E-3,increase
USC00043761,CA,41.7961,-123.3747,-22.55469221,1.89948423060745e-07,decrease
USC00043875,CA,38.6294,-122.8664,0,0.73648541253888,none
USC00044232,CA,36.7981,-118.2036,41.31432071,7.4125762425356e-12,increase
USC00044259,CA,33.7086,-116.2153,0,0.68067506212483397,none
USC00044890,CA,36.3817,-119.0264,15.66337662,2.5948795691381299E-3,increase
USC00044997,CA,37.6819,-121.7514,0,0.94034553581082803,none
USC00045032,CA,38.1061,-121.2878,0,0.48821820640772601,none
USC00045385,CA,39.1458,-121.5853,0,0.72855675540150699,none
USC00045532,CA,37.2889,-120.5158,0,0.18756565630691399,none
USC00045983,CA,41.3217,-122.3172,0,0.32665294774074699,none
USC00046074,CA,38.2778,-122.2647,8.871688312,9.0669428835874605E-4,increase
USC00046175,CA,33.6031,-117.8836,0,0.30004213963986798,none
USC00046399,CA,34.4478,-119.2275,0,0.695756144447916,none
USC00046506,CA,39.7458,-122.1997,-6.601558442,8.2959660821340805E-2,decrease
USC00046508,CA,41.3019,-123.5386,-16.7343413,1.4447404354075299E-4,decrease
USC00046719,CA,34.1483,-118.1447,22.40831169,2.69936498933759e-09,increase
USC00046730,CA,35.6278,-120.6856,0,0.605817643167329,none
USC00046826,CA,38.2578,-122.6078,0,0.120168508426563,none
USC00047195,CA,39.9367,-120.9475,0,0.410183596711099,none
USC00047306,CA,34.0369,-117.1947,0,0.16283116826005301,none
USC00047851,CA,35.3056,-120.6619,12.22922668,7.1463496259204699E-4,increase
USC00047902,CA,34.4167,-119.6844,0,0.99775963857946104,none
USC00047916,CA,36.9878,-121.9994,0,0.94018464874840002,none
USC00047965,CA,38.4558,-122.7133,0,0.54199805355614294,none
USC00048702,CA,40.4167,-120.6631,-9.225601991,2.3918859972252599E-2,decrease
USC00048758,CA,39.1678,-120.1428,21.41714286,2.11089578714476e-06,increase
USC00048839,CA,35.0233,-118.7497,0,0.430694925864059,none
USC00049122,CA,39.1467,-123.2103,-27.44038462,5.26344899837867e-09,decrease
USC00049200,CA,38.3956,-121.9608,0,0.97995392305553597,none
USC00049452,CA,35.5892,-119.3519,7.510649351,3.5757793700135702E-2,increase
USC00049490,CA,40.7353,-122.9442,12.79277331,3.9648808436077796E-3,increase
USC00049699,CA,39.5231,-122.3047,9.764155844,1.93220786715654E-2,increase
USC00049855,CA,37.7503,-119.5897,-12.41454545,1.1925030150851799E-2,decrease
USC00049866,CA,41.7031,-122.6414,17.78285714,9.71417696615589e-06,increase
USC00050848,CO,39.9919,-105.2667,0,0.69039936918422296,none
USC00051294,CO,38.46,-105.2256,6.695343072,7.5841362259064002E-2,increase
USC00051528,CO,39.2203,-105.2783,0,0.82321260470843405,none
USC00051564,CO,38.8575,-102.3328,8.235899415,6.6105221928429006E-2,increase
USC00052184,CO,37.6911,-106.3078,14.56311688,8.6601746782818297E-3,increase
USC00052281,CO,39.6244,-106.0336,10.56519481,2.08234947613994E-2,increase
USC00052446,CO,38.4758,-102.7769,0,0.222545424932798,none
USC00053005,CO,40.5764,-105.0858,19.02025974,2.822150458218e-06,increase
USC00053038,CO,40.2569,-103.87,0,0.16871591540466799,none
USC00053146,CO,39.1444,-108.7281,16.21498371,2.5976134510518E-3,increase
USC00053662,CO,38.5253,-106.9672,-12.40377229,4.8008611274038401E-3,decrease
USC00053951,CO,37.7494,-107.095,24.63376623,2.8835322039039e-07,increase
USC00054076,CO,38.0517,-102.1317,0,0.34130656708842599,none
USC00054770,CO,38.0936,-102.6306,0,0.14656302185836401,none
USC00054834,CO,38.0636,-103.2153,6.564957181,7.1392831653119798E-2,increase
USC00055322,CO,37.1711,-105.94,0,0.21418498542603001,none
USC00055722,CO,38.4858,-107.8792,11.78597403,2.3283056075633E-2,increase
USC00057167,CO,38.0383,-103.6947,0,0.45916917054642298,none
USC00057337,CO,38.0919,-106.1511,0,0.41786111569463502,none
USC00057936,CO,40.4883,-106.8233,11.13558442,2.2975446581698099E-2,increase
USC00058204,CO,37.9492,-107.8736,0,0.51699049792676399,none
USC00058429,CO,37.1786,-104.4869,34.54741723,9.74044787975937e-14,increase
USC00059243,CO,40.0819,-102.2069,0,0.39565537235029302,none
USC00062658,CT,41.95,-73.3667,0,0.66305513617529099,none
USC00063207,CT,41.3503,-72.0378,0,0.28817620824839202,none
USC00067970,CT,41.1247,-73.5475,14.12182376,7.4852826657471599E-3,increase
USC00068138,CT,41.795,-72.2286,0,0.60800557049762305,none
USC00072730,DE,39.1467,-75.5056,0,0.27014413021973099,none
USC00076410,DE,39.6683,-75.7456,0,0.84547425853040004,none
USC00079605,DE,39.7739,-75.5414,6.864415584,8.7917708734762207E-2,increase
USC00080211,FL,29.7258,-85.0206,47.28247557,5.21564953210477e-07,increase
USC00080228,FL,27.2178,-81.8742,-10.44327878,9.6180446292535304E-2,decrease
USC00080478,FL,27.8861,-81.8325,0,0.18287006805087599,none
USC00082220,FL,30.7244,-86.0939,-26.70716198,2.0177653401875799E-3,decrease
USC00082850,FL,25.8489,-81.3897,0,0.96869241895883995,none
USC00082915,FL,29.755,-81.5389,-21.89981104,1.77354464544583E-3,decrease
USC00082944,FL,30.6669,-81.4525,0,0.28376613361466202,none
USC00083163,FL,26.1019,-80.2011,0,0.86449726641288205,none
USC00083207,FL,27.4419,-80.3508,18.00831169,1.8692148385711E-2,increase
USC00084289,FL,28.8028,-82.3128,18.41766234,2.6708234196678201E-3,increase
USC00084731,FL,30.1853,-82.5942,-18.77417458,5.2096940619392896E-3,decrease
USC00085275,FL,30.4653,-83.4022,0,0.28758834932178301,none
USC00086414,FL,29.1639,-82.0778,-10.44926052,8.1137452882913796E-2,decrease
USC00087851,FL,28.3378,-82.26,0,0.70752016183586797,none
USC00088824,FL,28.1522,-82.7539,17.68727273,4.3598852710181102E-2,increase
USC00088942,FL,28.6242,-80.8169,-22.55799694,7.63623031453857e-05,decrease
USC00090140,GA,31.5339,-84.1489,-16.14092558,1.49200284799327E-2,decrease
USC00091340,GA,31.1681,-81.5022,0,0.92747960699038501,none
USC00091500,GA,31.1903,-84.2036,-45.36519481,1.0434099439092e-07,decrease
USC00092318,GA,33.5972,-83.8436,0,0.13150577394767399,none
USC00092966,GA,32.2003,-83.2058,-18.33662338,1.45063882015863E-2,decrease
USC00093621,GA,34.3006,-83.86,-13.60256792,4.8562216049797199E-2,decrease
USC00093754,GA,31.9881,-81.9522,15.31754495,2.2542640742071102E-2,increase
USC00094170,GA,32.2842,-83.4681,0,0.15652903426120299,none
USC00095874,GA,33.0831,-83.2497,18.57375617,1.46761809541544E-2,increase
USC00096335,GA,33.3997,-84.915,-15.48889388,1.76679892722847E-2,decrease
USC00097276,GA,30.7836,-83.5692,-23.28529956,2.7729644675041402E-3,decrease
USC00097600,GA,34.2414,-85.1583,0,0.21455474821588899,none
USC00098535,GA,32.6864,-84.5208,-16.29256323,1.42704426971753E-2,decrease
USC00098703,GA,31.4461,-83.4767,0,0.56649661422490605,none
USC00098740,GA,34.5786,-83.3319,0,0.80710916100818697,none
USC00099141,GA,33.4028,-82.6222,0,0.18528006699273,none
USC00099157,GA,33.7264,-82.7058,0,0.24699234215864299,none
USC00099186,GA,31.2514,-82.3128,15.03336683,7.0513827161919604E-2,increase
USC00099291,GA,32.8861,-85.1839,0,0.20222551323652199,none
USC00100010,ID,42.9536,-112.8253,8.820779221,1.6289586859369602E-2,increase
USC00100448,ID,43.5936,-115.9236,0,0.35973379912247999,none
USC00100470,ID,44.0708,-111.4564,18.17513819,1.281187250456e-05,increase
USC00101408,ID,44.5733,-116.6753,18.8106331,1.24070288913626e-05,increase
USC00101956,ID,47.6822,-116.7967,-9.983048989,2.1655561350868099E-2,decrease
USC00102845,ID,46.5022,-116.3217,0,0.47685712777073902,none
USC00103143,ID,46.1,-115.5447,0,0.632923996495795,none
USC00103631,ID,42.9403,-115.3231,23.48113298,5.48267686475471e-09,increase
USC00103732,ID,42.5631,-111.7594,31.94909091,9.75853624776201e-11,increase
USC00104140,ID,42.5972,-114.1378,12.68417461,7.4863510186513296E-4,increase
USC00104295,ID,42.3528,-114.5739,0,0.487540610638801,none
USC00104670,ID,42.7325,-114.5192,0,0.19617653691420101,none
USC00104831,ID,47.5333,-116.1333,0,0.57348770588246401,none
USC00105275,ID,42.1231,-111.3133,14.63272727,1.12275655063099E-3,increase
USC00105462,ID,43.9178,-113.6153,0,0.95442126637361502,none
USC00105685,ID,44.5664,-113.8953,14.26892854,3.3255264780906002E-3,increase
USC00106152,ID,46.7281,-116.9558,11.55116883,9.0255429575435999E-4,increase
USC00106388,ID,44.9714,-116.2933,0,0.23282611780319701,none
USC00106542,ID,42.2339,-113.8925,0,0.71303204856620805,none
USC00106891,ID,44.0764,-116.9311,0,0.45739117376081101,none
USC00107264,ID,48.9994,-116.4992,8.746398162,4.2816149353652799E-2,increase
USC00107386,ID,48.3511,-116.8353,13.47532468,9.5534031863418799E-4,increase
USC00108137,ID,48.2942,-116.5628,14.75130001,7.9113006978136799E-4,increase
USC00110072,IL,41.1978,-90.7447,-15.82753247,1.76046006013757E-3,decrease
USC00110187,IL,37.5222,-89.2486,0,0.67328820807457201,none
USC00110338,IL,41.7803,-88.3092,0,0.51954916811913499,none
USC00111280,IL,39.2881,-89.8697,-12.88536821,5.0920811134375202E-2,decrease
USC00111436,IL,39.4761,-88.1653,0,0.30040403887759198,none
USC00112140,IL,40.1392,-87.6478,-19.62181818,1.9664069870583799E-4,decrease
USC00112193,IL,39.8289,-88.9506,-15.06393118,3.3923830169747802E-3,decrease
USC00112348,IL,41.835,-89.5136,-18.54885608,4.1488152928837699E-4,decrease
USC00112483,IL,37.9878,-89.1931,-10.96311688,5.9391045671364502E-2,decrease
USC00113335,IL,41.1739,-90.035,-12.68467532,4.3608877966279797E-3,decrease
USC00113879,IL,37.7408,-88.5244,-24.87845664,7.7726785979619897E-4,decrease
USC00114108,IL,39.1611,-89.4919,0,0.78252834375507396,none
USC00114198,IL,40.4664,-87.685,0,0.19443049324994399,none
USC00114442,IL,39.7347,-90.1978,0,0.19212581861731001,none
USC00114823,IL,40.5839,-90.9686,-8.432207792,6.9819229880967101E-2,decrease
USC00115079,IL,40.1519,-89.3386,-17.4774026,1.7820181192880499E-3,decrease
USC00115326,IL,42.2636,-88.6078,-12.2110214,1.7488932126392201E-2,decrease
USC00115712,IL,40.9125,-89.0339,0,0.56834106393806105,none
USC00115768,IL,40.9442,-90.6381,-10.63379745,3.6562692378839801E-2,decrease
USC00115833,IL,41.7944,-89.9681,-15.15220779,1.2383736804997599E-3,decrease
USC00115901,IL,42.0981,-89.9842,9.372467532,4.4496801687670298E-2,increase
USC00115943,IL,38.3619,-88.8597,-18.28051948,4.6514568410853401E-4,decrease
USC00116446,IL,38.7006,-88.0819,-14.00415584,9.1680446327306007E-3,decrease
USC00116526,IL,41.3281,-88.9097,-18.59220779,1.16223968285454E-4,decrease
USC00116558,IL,38.9994,-87.6139,-15.63931453,2.30044405539718E-2,decrease
USC00116579,IL,39.3686,-89.0867,0,0.95221797375288397,none
USC00116610,IL,39.6186,-87.6672,-14.74181818,3.3496715712530698E-3,decrease
USC00116910,IL,40.8778,-88.6364,0,0.65940496603139298,none
USC00117551,IL,40.1275,-90.5592,-22.51399342,1.6303620363681201E-4,decrease
USC00118147,IL,38.1167,-89.7167,-19.97565649,1.34973864487713E-2,decrease
USC00118740,IL,40.0842,-88.2403,0,0.79000352127608497,none
USC00118916,IL,41.5603,-89.6025,-15.78597403,1.45189477190287E-3,decrease
USC00119241,IL,39.4408,-90.3789,-13.5012987,1.7439272044596801E-2,decrease
USC00119354,IL,39.4458,-88.5961,-15.28311688,4.0226570034556097E-3,decrease
USC00120177,IN,40.1117,-85.7164,-9.853831914,8.47225007561348E-2,decrease
USC00120200,IN,41.6639,-85.0183,-9.754622466,2.9068961438806301E-2,decrease
USC00120676,IN,40.6683,-84.93,-10.55122163,3.0284932633593799E-2,decrease
USC00120784,IN,39.1739,-86.5208,-11.71504819,3.6358890064018497E-2,decrease
USC00121030,IN,39.4239,-85.0144,0,0.238890767167491,none
USC00121747,IN,39.1661,-85.9228,-9.258181818,7.7534842016480601E-2,decrease
USC00122149,IN,40.615,-86.6661,-14.11776557,4.8889777428601899E-2,decrease
USC00123418,IN,41.5575,-85.8825,0,0.33036208064601902,none
USC00123513,IN,39.6439,-86.8767,-27.28094406,3.87399568474188e-05,decrease
USC00123527,IN,39.7858,-85.7611,-13.43064935,7.7145613892976497E-3,decrease
USC00124837,IN,41.6117,-86.7297,-16.43428571,9.32810200255002e-05,decrease
USC00125237,IN,38.7369,-85.3942,-25.53870057,5.9475032014701104E-3,decrease
USC00125337,IN,40.58,-85.6586,-9.042077922,5.7594196450858497E-2,decrease
USC00126001,IN,37.9286,-87.8956,-14.59918585,1.3408678914837E-2,decrease
USC00126580,IN,38.8878,-86.5519,-24.04779221,1.6328857768570999E-4,decrease
USC00126705,IN,38.5556,-86.4858,0,0.103218507703881,none
USC00127125,IN,38.3567,-87.5906,0,0.80965793475023395,none
USC00127482,IN,41.0664,-86.2097,-11.50025974,1.2253242529222899E-2,decrease
USC00127522,IN,39.7594,-87.2269,0,0.59549802731429602,none
USC00127646,IN,39.6042,-85.4533,0,0.29283918182593699,none
USC00127875,IN,38.6886,-85.785,-15.18093664,5.4827704159096699E-2,decrease
USC00127935,IN,38.9542,-85.9044,-21.35473453,9.7833072408049599E-4,decrease
USC00128036,IN,38.5528,-86.7944,-9.194805195,9.1868076277034694E-2,decrease
USC00129253,IN,38.6489,-87.1989,0,0.178383656803625,none
USC00129557,IN,39.9961,-86.3542,-9.094750743,8.8163005025976696E-2,decrease
USC00129670,IN,41.0267,-86.5867,-12.16,1.12486135975889E-2,decrease
USC00130112,IA,41.0656,-92.7867,-19.47365173,1.20658852291272E-4,decrease
USC00130133,IA,43.0664,-94.2222,0,0.21708869551448901,none
USC00130600,IA,41.8814,-92.2764,-11.30701299,2.1785718384665202E-2,decrease
USC00131402,IA,43.0603,-92.6717,-12.57038961,8.7975459999023002E-3,decrease
USC00131533,IA,40.7244,-95.0192,-13.71948052,3.2044047218484002E-3,decrease
USC00131635,IA,41.7947,-90.2639,0,0.33831966616997999,none
USC00132724,IA,43.4036,-94.7472,-14.12883117,6.6231352084774101E-4,decrease
USC00132789,IA,41.0211,-91.9553,0,0.167372273143503,none
USC00132864,IA,42.8825,-91.8303,-8.262857143,8.8947580347382496E-2,decrease
USC00132977,IA,43.2844,-93.6306,-11.90107378,3.84633790910879E-3,decrease
USC00132999,IA,42.5836,-94.2006,-17.93584964,5.71213486128275e-05,decrease
USC00134063,IA,41.3664,-93.6481,-12.02378378,1.1938055256013399E-2,decrease
USC00134142,IA,42.5189,-93.2536,-7.124475292,8.1088436138742295E-2,decrease
USC00134735,IA,42.7817,-96.1458,-13.53350649,9.0055093891526997E-3,decrease
USC00134894,IA,41.65,-95.8061,0,0.33762946583417802,none
USC00135769,IA,40.7053,-94.2428,0,0.27137021489868401,none
USC00135796,IA,40.9486,-91.5647,-14.09297297,4.8048791933433099E-3,decrease
USC00135952,IA,43.0453,-92.3122,0,0.69137069020328301,none
USC00137147,IA,43.43,-96.1686,0,0.51458238524281097,none
USC00137161,IA,42.3969,-94.6292,-16.31792208,5.61948438487338e-05,decrease
USC00137979,IA,42.6469,-95.1933,0,0.41696010854610199,none
USC00138296,IA,42.0356,-92.5806,0,0.46510227922345998,none
USC00138688,IA,41.2825,-91.7078,0,0.110019825720498,none
USC00140365,KS,37.1942,-99.7633,0,0.86939859646230899,none
USC00140405,KS,39.5756,-95.1108,0,0.45300119992017901,none
USC00141704,KS,37.2733,-99.3289,-13.67584416,1.1188739418798801E-2,decrease
USC00141740,KS,37.1681,-94.83,-13.47190225,4.2086753416083401E-2,decrease
USC00141867,KS,38.6758,-96.5097,0,0.64906988082959405,none
USC00142401,KS,37.8183,-96.8444,0,0.30070130417315399,none
USC00142459,KS,38.7297,-98.225,0,0.43577845810983901,none
USC00142835,KS,37.8172,-94.6986,-16.30169895,2.1174461724559598E-2,decrease
USC00143527,KS,38.8586,-99.3358,0,0.47613448713938999,none
USC00143810,KS,39.6678,-95.52,0,0.437803533068023,none
USC00143954,KS,37.2364,-95.7003,0,0.46831560277170903,none
USC00144464,KS,37.9411,-101.2492,9.154285714,2.1668850869837799E-2,increase
USC00144530,KS,38.1817,-99.0994,0,0.325977085472683,none
USC00144559,KS,38.9583,-95.2514,0,0.16052696490000201,none
USC00144588,KS,39.3256,-94.9189,0,0.72743216187739301,none
USC00144695,KS,37.0308,-100.9069,0,0.28115359337473,none
USC00144972,KS,39.1972,-96.5814,0,0.63095454041989396,none
USC00145152,KS,38.3772,-97.6097,0,0.20110566156338,none
USC00145363,KS,39.1247,-97.7047,0,0.491997561613918,none
USC00145856,KS,39.7408,-99.8361,0,0.92426708532101798,none
USC00145906,KS,39.8228,-100.5164,-8.753177835,7.0121635596560497E-2,decrease
USC00145972,KS,38.8875,-94.7603,0,0.490111915371304,none
USC00146128,KS,38.6133,-95.2808,-10.12363636,9.7769864671456097E-2,decrease
USC00147093,KS,39.7675,-101.8067,6.993246753,7.9349662203668805E-2,increase
USC00147271,KS,38.4747,-100.9175,0,0.46040001996315599,none
USC00147305,KS,37.1322,-96.18,-13.12207792,3.9188547423124699E-2,decrease
USC00147542,KS,39.7772,-98.7783,-9.38574828,6.5298286890671395E-2,decrease
USC00148495,KS,39.0147,-99.8722,14.05194805,7.9451563180444598E-4,increase
USC00150254,KY,38.4536,-82.6131,0,0.16013902527116999,none
USC00150381,KY,36.8825,-83.8819,-12.45026478,3.1534751751168801E-2,decrease
USC00150619,KY,37.5733,-84.2908,-20.38374755,1.0556168975680799E-2,decrease
USC00152791,KY,38.1228,-83.5328,0,0.29881395742414801,none
USC00153430,KY,37.2572,-85.5011,0,0.97639128288658295,none
USC00153762,KY,37.7558,-87.6456,0,0.53464925609913105,none
USC00153994,KY,36.8489,-87.5208,-17.54520542,9.0412755730587303E-3,decrease
USC00154703,KY,37.5108,-86.2892,-21.70231826,1.48432718774706E-3,decrease
USC00158714,KY,38.6408,-84.5592,0,0.34338461110464702,none
USC00160098,LA,31.3206,-92.4611,0,0.86669021481687003,none
USC00160205,LA,30.7094,-90.525,0,0.15309773294038201,none
USC00160537,LA,32.7314,-91.9144,-16.33923755,8.5241774051281402E-2,decrease
USC00161287,LA,30.9594,-92.1786,0,0.51515898493412804,none
USC00161411,LA,32.5372,-92.3597,0,0.56743384855600099,none
USC00162151,LA,30.5272,-90.1114,0,0.74889394573919998,none
USC00162534,LA,30.0719,-91.0278,-42.87792208,1.41739199892861e-07,decrease
USC00163313,LA,29.8233,-91.5442,-28.79195757,3.55124080100936e-05,decrease
USC00163800,LA,30.4183,-92.0442,0,0.64458994290050298,none
USC00164407,LA,29.6408,-90.8161,0,0.37757382931767203,none
USC00164700,LA,30.2003,-92.6642,-20.17038961,8.2301428697947702E-3,decrease
USC00168163,LA,31.9497,-91.2336,18.61439717,3.1745288166186302E-3,increase
USC00169806,LA,32.0997,-91.7022,0,0.44621147051549098,none
USC00170814,ME,45.6603,-69.812,10.81828677,5.9310862299100696E-3,increase
USC00171628,ME,44.9197,-69.2417,0,0.139627691373961,none
USC00172426,ME,44.9067,-66.9919,12.5751384,3.0235884379305701E-3,increase
USC00172765,ME,44.6894,-70.1564,-10.97662338,2.73908883333214E-3,decrease
USC00173046,ME,44.2203,-69.7889,0,0.58732110626071499,none
USC00175304,ME,45.6503,-68.705,0,0.89535951055757601,none
USC00176937,ME,46.6539,-68.0089,0,0.14574072399378299,none
USC00179891,ME,45.1542,-67.3986,0,0.39677244434354703,none
USC00180700,MD,39.0303,-76.9314,0,0.28675936542421099,none
USC00181750,MD,39.2167,-76.0519,0,0.37713530987990401,none
USC00183675,MD,38.9689,-76.8042,0,0.73123232990466402,none
USC00185111,MD,39.0847,-76.9003,0,0.895174182763258,none
USC00186620,MD,39.4131,-79.4003,0,0.262089427295151,none
USC00187330,MD,38.2122,-75.6822,0,0.34585267337560999,none
USC00187806,MD,38.7153,-76.1908,7.731891892,9.6186777943712401E-2,increase
USC00188000,MD,38.365,-75.5892,0,0.286329902678919,none
USC00190120,MA,42.3861,-72.5375,0,0.52613320032297595,none
USC00190736,MA,42.2122,-71.1136,9.826493506,6.9164433792007598E-3,increase
USC00194105,MA,42.6992,-71.1658,5.876363636,8.29015957218006E-2,increase
USC00196486,MA,41.9819,-70.6961,0,0.76420290110852496,none
USC00196783,MA,42.5239,-71.125,0,0.86544822765185003,none
USC00198367,MA,41.9003,-71.0658,11.98599611,2.4374367594929301E-2,increase
USC00200032,MI,41.9164,-84.0164,-8.784245051,5.6563159565193699E-2,decrease
USC00200128,MI,42.58,-85.7892,-17.74397348,1.15906813298409E-2,decrease
USC00200146,MI,43.3869,-84.6481,-9.723958515,4.1014619435854903E-2,decrease
USC00200230,MI,42.2981,-83.6639,0,0.76307406156623303,none
USC00200779,MI,43.7072,-85.4819,0,0.46246836205772102,none
USC00201439,MI,46.5192,-87.9858,0,0.168515850781737,none
USC00201492,MI,45.6522,-84.4725,0,0.204750896697449,none
USC00201675,MI,41.9622,-84.9925,0,0.107100729492111,none
USC00202423,MI,44.2839,-83.5036,0,0.87715557151405599,none
USC00203632,MI,43.675,-86.4228,-11.49065399,1.84903579644283E-2,decrease
USC00203823,MI,41.9353,-84.6411,0,0.63762994442480103,none
USC00204090,MI,45.7858,-88.0842,6.814545455,7.5450229483477294E-2,increase
USC00204104,MI,46.4656,-90.1892,-12.72831169,1.5584425569203199E-3,decrease
USC00205662,MI,43.5858,-84.7694,0,0.89939370800945895,none
USC00205690,MI,46.4122,-86.6625,-17.05093445,1.18707370136788e-05,decrease
USC00205816,MI,46.3286,-85.5033,0,0.536738679354959,none
USC00206300,MI,43.0161,-84.18,0,0.93206048480209702,none
USC00207690,MI,42.4014,-86.2825,-11.00698972,2.3332237779866E-2,decrease
USC00207812,MI,46.0556,-88.6275,0,0.21023599872670101,none
USC00210018,MN,47.2992,-96.5161,-11.06472425,9.7820606810470508E-3,decrease
USC00210075,MN,43.6064,-93.3019,-8.038441558,6.5852502557552206E-2,decrease
USC00210252,MN,48.3311,-96.8253,0,0.45773267793911199,none
USC00210515,MN,48.7094,-94.5853,0,0.14854501760260999,none
USC00211630,MN,46.7053,-92.5239,0,0.208902236936965,none
USC00212142,MN,46.8372,-95.8375,0,0.25515954957423398,none
USC00212698,MN,43.6447,-94.4656,0,0.57882569339854795,none
USC00212737,MN,44.6661,-93.1756,-9.478912209,6.9296463748825005E-2,decrease
USC00212916,MN,47.5639,-95.7247,-16.0581286,3.62152322115326E-3,decrease
USC00213290,MN,43.7047,-92.5644,0,0.174120358640211,none
USC00213303,MN,47.2436,-93.4975,10.51636364,9.7434321166295704E-3,increase
USC00214106,MN,47.2256,-95.1919,-6.919480519,8.6005800906831104E-2,decrease
USC00214652,MN,47.2467,-94.2228,0,0.59879964750340997,none
USC00215400,MN,45.1219,-95.9269,9.672727273,2.4739912105611699E-2,increase
USC00215563,MN,44.9342,-95.7458,0,0.191021256908118,none
USC00215615,MN,45.8775,-93.3147,-14.1787013,7.9022245880287605E-4,decrease
USC00215638,MN,45.59,-95.8744,0,0.108123235312005,none
USC00215887,MN,44.3006,-94.4897,-24.72407834,1.72686046026747E-4,decrease
USC00216547,MN,46.6694,-94.1089,0,0.90338178301538696,none
USC00216565,MN,44.0139,-96.3258,-8.91012987,3.5947240538232103E-2,decrease
USC00217087,MN,48.8486,-95.7675,-14.46005537,1.7333393657423399E-2,decrease
USC00217405,MN,44.3222,-93.9656,-13.89922078,3.5191097721957E-3,decrease
USC00217460,MN,46.7953,-93.3211,0,0.65653174381319301,none
USC00218419,MN,47.0258,-91.6653,0,0.135782566316275,none
USC00218618,MN,47.0997,-94.5725,0,0.20172082800107,none
USC00219046,MN,43.7639,-94.1661,0,0.48347123126033897,none
USC00219249,MN,44.2997,-92.6656,-18.72362371,5.51851117551881e-05,decrease
USC00220021,MS,33.83,-88.5214,-28.61141835,1.5641156208742599E-4,decrease
USC00220488,MS,34.3061,-89.9806,-18.43356109,2.4193062969787401E-2,decrease
USC00220955,MS,34.6344,-88.5622,-19.42368036,1.8904714079616101E-2,decrease
USC00221094,MS,31.5447,-90.4581,-16.08932204,6.4432773204450899E-2,decrease
USC00221389,MS,32.6714,-90.0361,-15.58400926,4.0160930870729798E-2,decrease
USC00221707,MS,34.1864,-90.5572,-34.68551825,3.85154666146716e-07,decrease
USC00221865,MS,31.2503,-89.8361,0,0.73308331775390601,none
USC00221962,MS,34.8792,-88.6178,-19.49399255,8.3901322353451893E-3,decrease
USC00223107,MS,32.36,-89.4208,0,0.88296577370167295,none
USC00223605,MS,33.3592,-91.06,0,0.97757649650532397,none
USC00223887,MS,31.2547,-89.3392,-22.54392863,1.2202928824875401E-3,decrease
USC00223975,MS,34.8039,-90.0103,0,0.99201164162427002,none
USC00224776,MS,33.0583,-89.5797,-14.40711263,8.1950872444529504E-2,decrease
USC00224939,MS,31.6756,-89.1236,0,0.363917692035856,none
USC00225247,MS,33.1356,-89.0711,0,0.76578043882045299,none
USC00225987,MS,31.5519,-90.1058,21.45327,1.2371772139179E-2,increase
USC00226009,MS,33.4517,-90.5097,-22.88410463,5.0314621464182998E-3,decrease
USC00226177,MS,31.5889,-91.3408,-27.10172569,5.4994008471276898E-4,decrease
USC00226718,MS,30.3961,-88.4781,-19.78675035,9.22259591765664E-3,decrease
USC00227111,MS,34.1381,-88.9983,0,0.107211521340005,none
USC00227128,MS,30.8408,-89.5453,0,0.97767145874780903,none
USC00227132,MS,31.985,-90.9719,0,0.76845694378819496,none
USC00228374,MS,33.4692,-88.7822,0,0.72558235558023398,none
USC00229079,MS,34.3725,-89.5308,0,0.49111292775408999,none
USC00229400,MS,34.1583,-89.6311,-13.00900901,4.8834823291757097E-2,decrease
USC00229439,MS,31.6772,-88.6708,0,0.95432986983924595,none
USC00229793,MS,31.0931,-91.2325,-15.60192308,7.8967830043129905E-2,decrease
USC00229860,MS,32.9028,-90.3817,19.67738165,5.5506369602369002E-2,increase
USC00230204,MO,38.1894,-94.0244,-24.19636364,1.4315110150844599E-4,decrease
USC00231037,MO,39.4247,-93.1331,-20.16243411,1.44735734578211E-3,decrease
USC00231364,MO,36.1875,-89.66,0,0.71667409144433403,none
USC00231711,MO,38.395,-93.7711,0,0.16689106526019601,none
USC00231822,MO,40.2394,-94.6833,-20.14233766,2.5971332375268797E-4,decrease
USC00232289,MO,36.6206,-90.8125,-18.47102667,9.2347985133292201E-3,decrease
USC00232809,MO,37.7919,-90.4097,-13.75168831,2.2780209824192699E-2,decrease
USC00234271,MO,38.5847,-92.1831,-10.88103896,2.9514172252439699E-2,decrease
USC00234705,MO,37.5983,-94.2842,0,0.92710561443859196,none
USC00234825,MO,37.685,-92.6939,0,0.538232528528794,none
USC00234904,MO,39.1828,-93.855,-19.69564108,9.2222926725274504E-3,decrease
USC00235027,MO,37.3908,-93.9492,-14.2774026,2.7922024760593401E-2,decrease
USC00235253,MO,37.3056,-89.975,-11.92612852,9.0767786460550406E-2,decrease
USC00235541,MO,39.1714,-91.8717,0,0.55419076346798302,none
USC00235671,MO,39.4033,-92.4325,-12.10597556,3.14715883254253E-2,decrease
USC00235834,MO,37.1542,-92.2619,-11.67272727,6.0022911493484501E-2,decrease
USC00235976,MO,36.865,-94.3603,0,0.28481678166157698,none
USC00237263,MO,37.9567,-91.7761,0,0.68930356389637903,none
USC00237963,MO,40.2472,-93.7158,0,0.84244007063204696,none
USC00238051,MO,39.9703,-91.8875,0,0.888013827486,none
USC00238223,MO,38.9664,-93.4194,-19.80571429,4.50821804507051E-4,decrease
USC00238523,MO,40.475,-93.0031,0,0.20066347050425101,none
USC00238725,MO,38.8347,-91.1389,-15.55547233,1.2182539202523299E-2,decrease
USC00240364,MT,47.4925,-112.3969,0,0.69543872493255998,none
USC00240780,MT,45.8325,-109.9511,0,0.783946206264302,none
USC00241044,MT,45.6622,-111.0464,10.98285714,6.7934151961901203E-3,increase
USC00241552,MT,47.2192,-111.7108,13.54892106,3.7483775128385499E-4,increase
USC00241722,MT,48.5883,-109.2267,0,0.96183683555428601,none
USC00241737,MT,47.8206,-112.1922,0,0.69153089764146303,none
USC00242409,MT,45.2089,-112.6389,0,0.108632848177346,none
USC00242689,MT,45.8864,-104.5478,0,0.60074028268896895,none
USC00242793,MT,45.3394,-111.7122,16.50909091,2.38191524981824e-05,increase
USC00243013,MT,46.8217,-108.3725,0,0.96450518805392604,none
USC00243110,MT,48.4983,-109.8014,0,0.80286036455464804,none
USC00243139,MT,48.7783,-114.8997,0,0.100574746596683,none
USC00243581,MT,47.1058,-104.7175,0,0.37191531299838199,none
USC00243885,MT,46.2461,-114.1681,7.718163278,2.3128628550596601E-2,increase
USC00244038,MT,44.8667,-111.3392,0,0.15273797315443199,none
USC00244345,MT,45.9228,-108.2453,9.494268206,1.16863045560018E-2,increase
USC00244364,MT,45.9353,-107.1375,0,0.45764049698650799,none
USC00244522,MT,47.3144,-106.9103,0,0.19817412815454499,none
USC00244558,MT,48.3042,-114.2642,10.26701299,8.5634741310471607E-3,increase
USC00245015,MT,48.4036,-115.5392,0,0.29585665650943299,none
USC00245572,MT,48.4828,-104.4514,0,0.22825759526778999,none
USC00245761,MT,47.0572,-109.9511,0,0.15613903241132701,none
USC00246157,MT,45.4875,-111.6336,0,0.74935814553189395,none
USC00246472,MT,46.3158,-113.3,0,0.105143120214182,none
USC00246601,MT,46.4178,-104.5164,0,0.902067476731921,none
USC00246918,MT,45.1769,-109.2572,15.34224576,3.55074834125748E-4,increase
USC00247286,MT,47.315,-114.0983,10.50483657,3.6524294315506703E-2,increase
USC00247382,MT,47.4536,-104.3378,0,0.20944473348763701,none
USC00248501,MT,48.3119,-112.2492,0,0.106705449449054,none
USC00248569,MT,47.88,-105.3686,0,0.94102087894196595,none
USC00248597,MT,45.2925,-111.9444,9.10961039,2.3089105101590499E-2,increase
USC00250070,NE,41.6853,-98.0083,-15.61465008,2.34284486343652E-4,decrease
USC00250130,NE,42.1103,-102.8967,0,0.29258946852065099,none
USC00250375,NE,41.0408,-96.3811,0,0.22646507079164399,none
USC00250420,NE,42.5136,-99.0303,0,0.25738749953274198,none
USC00250435,NE,40.3706,-95.7469,-9.113513514,4.05046587386233E-2,decrease
USC00250640,NE,40.1306,-99.8278,0,0.30136723800187898,none
USC00251145,NE,41.6681,-103.1039,8.815135135,3.5506246614237597E-2,increase
USC00251200,NE,41.4083,-99.675,-11.16363636,2.66766808527076E-2,decrease
USC00252020,NE,40.6092,-96.8719,0,0.13292590930547701,none
USC00252100,NE,40.6344,-100.5219,0,0.30986151410960799,none
USC00252205,NE,41.2483,-97.0581,-13.75806058,1.23349752222519E-3,decrease
USC00252820,NE,40.0739,-97.1669,-12.23480519,8.9448486460831506E-3,decrease
USC00252840,NE,40.6422,-97.5928,-20.21968864,6.0746338563420397E-4,decrease
USC00253175,NE,40.5394,-97.5906,-9.565714286,3.61678524597372E-2,decrease
USC00253185,NE,41.4514,-97.7644,-12.57038961,4.2290760541628799E-3,decrease
USC00253365,NE,40.9394,-100.1514,-15.61038961,3.8184786106241797E-4,decrease
USC00253615,NE,42.6858,-103.8842,0,0.995417030023657,none
USC00253630,NE,42.6167,-97.2608,-23.0841839,2.43764194019269e-06,decrease
USC00253660,NE,40.6472,-98.3836,-18.15376623,8.42766244094359e-05,decrease
USC00253735,NE,40.175,-97.5903,-11.81714286,8.5581146340461805E-3,decrease
USC00253910,NE,40.4517,-99.3803,-21.44103896,6.45941800157943e-07,decrease
USC00254110,NE,40.5092,-101.6514,0,0.910932126340806,none
USC00254440,NE,41.2453,-103.6344,11.2431129,2.1032739163738601E-2,increase
USC00254900,NE,41.1489,-102.6361,0,0.30012636822633099,none
USC00254985,NE,41.2789,-98.9697,-17.17869916,2.7443113462507498E-4,decrease
USC00255080,NE,41.8292,-97.45,-25.60081324,4.42052683233522e-06,decrease
USC00255310,NE,40.2289,-100.61,0,0.51387800287499397,none
USC00255470,NE,42.9194,-101.7089,0,0.41481586316455699,none
USC00255565,NE,40.5156,-98.9514,-14.41662338,2.1536161058925301E-3,decrease
USC00256040,NE,41.4969,-98.7714,-20.50882558,1.3669713694270701E-4,decrease
USC00256135,NE,42.0644,-97.9667,-18.21818182,1.12851477767229E-4,decrease
USC00256570,NE,40.1117,-96.1514,-21.69682938,1.96997168178715e-05,decrease
USC00256970,NE,42.065,-100.2472,0,0.75627951038055397,none
USC00257070,NE,40.0978,-98.5197,0,0.21023226747295601,none
USC00257515,NE,41.2078,-98.4608,0,0.61625896283478199,none
USC00257715,NE,40.9169,-97.0897,0,0.20483333655413399,none
USC00258395,NE,40.6661,-96.1892,-8.122597403,6.2265484045704797E-2,decrease
USC00258465,NE,40.3544,-96.1939,0,0.111578007428276,none
USC00258480,NE,41.7881,-96.2325,-11.48383794,1.00699201225987E-2,decrease
USC00258915,NE,42.3017,-96.9003,0,0.126298889395901,none
USC00259090,NE,40.8639,-96.1414,-23.57488479,1.01105001213042E-4,decrease
USC00259510,NE,40.8678,-97.5922,0,0.110628154081891,none
USC00260507,NV,39.4931,-117.0675,-8.32989909,4.6535283736934399E-2,decrease
USC00262780,NV,39.4572,-118.7811,13.65700029,1.13103823800261E-2,increase
USC00263245,NV,40.9567,-117.4922,0,0.93874346116143104,none
USC00264698,NV,40.17,-118.4775,0,0.81857202393211703,none
USC00264950,NV,39.4142,-114.7739,24.51591191,5.68168331007259e-08,increase
USC00265168,NV,38.3878,-118.1092,11.92876712,3.60649710466959E-3,increase
USC00267369,NV,35.4661,-114.9217,0,0.105102736787704,none
USC00268988,NV,41.1169,-114.9786,0,0.21841667021993799,none
USC00272174,NH,43.1419,-70.95,0,0.748310145458423,none
USC00272999,NH,45.09,-71.2906,9.954285714,3.6718825923824899E-3,increase
USC00273850,NH,43.7053,-72.2856,8.154805195,3.5216193526750102E-2,increase
USC00274399,NH,42.9389,-72.3247,0,0.17985661221323501,none
USC00280907,NJ,40.8917,-74.3964,10.71910112,1.2998605419403401E-2,increase
USC00281582,NJ,41.03,-74.4247,0,0.11436722081734001,none
USC00283029,NJ,40.5742,-74.8817,0,0.23238136705211901,none
USC00283951,NJ,40.2664,-74.5642,13.98545455,9.1070238272801301E-4,increase
USC00284229,NJ,39.7994,-74.7806,0,0.74707130291310797,none
USC00284987,NJ,40.2969,-74.0017,0,0.39756555920584502,none
USC00285728,NJ,39.9683,-74.865,24.40258942,8.87361889345555e-06,increase
USC00287079,NJ,40.6036,-74.4025,0,0.14730075633617901,none
USC00290692,NM,36.835,-108.0006,19.13799476,1.3924641328142101E-4,increase
USC00290858,NM,35.5297,-104.0936,0,0.44734554985352298,none
USC00291469,NM,32.3478,-104.2225,22.85721338,1.52290803225428e-05,increase
USC00291515,NM,33.6308,-105.8964,0,0.77521390973872795,none
USC00291664,NM,36.9178,-106.5781,0,0.37789369477094598,none
USC00291813,NM,36.4661,-104.9456,11.57194805,7.1732340038341003E-3,increase
USC00292608,NM,36.9358,-107,20.9086758,6.2119074167774101E-4,increase
USC00292848,NM,33.1461,-107.1842,28.52779221,7.55957060106108e-09,increase
USC00293265,NM,32.7939,-108.1514,0,0.281238239292606,none
USC00293294,NM,34.4667,-104.2319,-26.26657132,5.70236178884683e-05,decrease
USC00294369,NM,35.7783,-106.6872,12.67342817,1.06551902374607E-3,increase
USC00294426,NM,32.6161,-106.7403,0,0.770109834670483,none
USC00295150,NM,34.7675,-106.7611,41.16338096,5.60149040381218e-12,increase
USC00295273,NM,33.8225,-108.9417,17.47719085,7.3519062163343097E-4,increase
USC00295960,NM,32.9542,-105.8222,10.29402597,3.1108049137117899E-2,increase
USC00295965,NM,34.5208,-106.2606,14.21922078,6.85762956552764E-3,increase
USC00296435,NM,32.3789,-106.0925,0,0.64088640885852699,none
USC00297323,NM,36.71,-105.4164,0,0.49014067742558198,none
USC00297867,NM,35.1086,-103.3283,11.28557324,2.12583210142358E-2,increase
USC00298107,NM,34.9561,-104.7217,0,0.47728485805204002,none
USC00298387,NM,34.0606,-106.8842,11.21118158,7.5299069172532901E-2,increase
USC00298501,NM,36.3628,-104.585,-25.15330824,2.77221418066431E-4,decrease
USC00298535,NM,32.2822,-106.7597,27.88216783,1.80414859947038e-07,increase
USC00299156,NM,35.2006,-103.6867,25.00779221,2.01683552013949e-06,increase
USC00299165,NM,33.0719,-106.0411,0,0.54988368775665297,none
USC00300023,NY,42.1014,-77.2344,-12.03996261,1.86088931814401E-2,decrease
USC00300085,NY,42.2797,-77.7664,11.95590602,1.2516038254273E-2,increase
USC00300093,NY,42.1003,-78.7497,-16.65993886,2.4511224951860301E-4,decrease
USC00300183,NY,42.3108,-78.0231,0,0.55315971349256399,none
USC00300321,NY,42.9328,-76.5447,9.581922174,2.0393135150399901E-2,increase
USC00300443,NY,43.0297,-78.1683,0,0.81124018096458195,none
USC00300889,NY,40.9519,-72.2978,16.26336969,5.57809843972854e-05,increase
USC00301401,NY,44.8786,-73.3953,-17.75595238,5.0167950602541004E-3,decrease
USC00301752,NY,42.7167,-74.9267,-11.77662338,1.22083676088984E-2,decrease
USC00301966,NY,44.7192,-73.7206,-11.51792208,3.2591430232707E-3,decrease
USC00301974,NY,42.5647,-77.7175,-19.18441558,1.31766614780778E-4,decrease
USC00302129,NY,41.0072,-73.8344,0,0.297309636284395,none
USC00302610,NY,42.0997,-76.8358,-9.897142857,3.7356884728242203E-2,decrease
USC00303033,NY,42.4497,-79.312,-13.77326007,2.8692829660050299E-2,decrease
USC00303319,NY,43.0492,-74.3592,-12.11291642,6.8444036177707002E-2,decrease
USC00303773,NY,42.7742,-77.6083,0,0.43883682675362801,none
USC00304102,NY,43.7547,-74.2756,-17.30701299,1.8048233856198E-4,decrease
USC00304174,NY,42.4492,-76.4492,0,0.32487980346102502,none
USC00304555,NY,44.3042,-73.9839,0,0.78474403453059005,none
USC00304647,NY,44.7583,-74.6692,0,0.97106509979583,none
USC00304791,NY,43.0603,-74.8686,0,0.472263672737113,none
USC00304844,NY,43.1522,-78.6533,0,0.13701130869749401,none
USC00304912,NY,43.7928,-75.4828,-9.446054885,3.21739586807381E-2,decrease
USC00305426,NY,41.7719,-74.1536,28.228893,2.50676169793178e-08,increase
USC00305512,NY,42.8417,-75.7264,0,0.24758437152703699,none
USC00306085,NY,42.5117,-75.5197,0,0.75661587610993697,none
USC00306164,NY,44.7281,-75.4442,0,0.95827532603877297,none
USC00306314,NY,43.45,-76.5369,0,0.151475155235994,none
USC00306774,NY,41.3892,-74.6906,0,0.203268812150316,none
USC00307484,NY,43.0414,-73.8214,0,0.149105242559185,none
USC00307633,NY,40.9586,-73.1047,14.35393497,6.3677042948489899E-3,increase
USC00308248,NY,43.8914,-75.0361,-19.81506494,8.31211672471143e-06,decrease
USC00308600,NY,42.7511,-73.685,0,0.11152662760965799,none
USC00308631,NY,44.2308,-74.4383,0,0.82366104497679604,none
USC00308944,NY,44.1481,-74.9003,0,0.46981374035928097,none
USC00309000,NY,43.9761,-75.8753,0,0.71191921118023005,none
USC00309292,NY,41.3906,-73.9608,-10.09001289,2.1444866114382101E-2,decrease
USC00310090,NC,35.4,-80.1994,-14.53818182,1.1539974210603701E-2,decrease
USC00311677,NC,35.9086,-79.0797,0,0.98949813405938702,none
USC00312635,NC,36.0164,-76.5517,0,0.75295563002799404,none
USC00312719,NC,36.3097,-76.205,0,0.87678983874738703,none
USC00313017,NC,35.0592,-78.8589,0,0.32387259380150402,none
USC00313969,NC,36.3489,-78.4119,0,0.77224549442999701,none
USC00313976,NC,35.3297,-82.4492,0,0.19573158616342301,none
USC00314055,NC,35.0564,-83.1983,0,0.479352325861854,none
USC00314684,NC,35.1967,-77.5433,-25.19548596,8.20523248836863e-05,decrease
USC00314938,NC,35.9147,-81.5375,0,0.96697198981007704,none
USC00315123,NC,36.1025,-78.3042,0,0.164905769028417,none
USC00315177,NC,34.6269,-79.025,0,0.24477984047838799,none
USC00315340,NC,35.6847,-82.0083,0,0.41143500518367998,none
USC00315356,NC,35.8033,-82.6658,0,0.400349201179099,none
USC00315771,NC,34.9797,-80.5233,0,0.306848972616723,none
USC00315830,NC,34.7336,-76.7358,-15.16987013,4.6875961451042902E-3,decrease
USC00315838,NC,35.7297,-81.6728,-10.14545455,7.0396998958306506E-2,decrease
USC00315890,NC,36.4961,-80.6522,-10.94025974,3.4461403634508503E-2,decrease
USC00317202,NC,36.3797,-79.6944,15.09818438,1.4757760929111101E-2,increase
USC00317615,NC,35.6836,-80.4822,-22.95480519,8.20636189157985e-06,decrease
USC00317994,NC,35.5175,-78.3444,0,0.26345706728257701,none
USC00318113,NC,33.9947,-78.0078,45.08148523,7.23933936573686e-10,increase
USC00318292,NC,35.81,-80.8808,-11.54493506,1.7246210166174301E-2,decrease
USC00318500,NC,35.8842,-77.5386,-13.32779221,7.35725689076E-3,decrease
USC00318694,NC,36.4003,-81.3053,0,0.75990987469305105,none
USC00319147,NC,35.4867,-82.9681,0,0.98130049572891598,none
USC00319476,NC,35.6939,-77.9461,0,0.11513722932104301,none
USC00320941,ND,48.8217,-100.4528,-7.345454545,4.4950629918246797E-2,decrease
USC00321871,ND,48.9158,-103.2981,-8.997402597,2.5025551577690999E-2,decrease
USC00322188,ND,46.8914,-102.7792,0,0.86742179796690499,none
USC00322365,ND,47.3467,-102.5869,0,0.15511753510436099,none
USC00323287,ND,46.1583,-98.3989,-21.25506494,2.99547229011027e-05,decrease
USC00323594,ND,48.4181,-97.4247,0,0.100505394628462,none
USC00323621,ND,47.9217,-97.0975,0,0.257331307617511,none
USC00324203,ND,47.4389,-97.0664,-12.31511868,6.3883639896258901E-3,decrease
USC00324418,ND,46.8844,-98.685,-12.83532468,3.80015061940239E-3,decrease
USC00324958,ND,48.7622,-98.3447,-22.28675325,6.3731556309959e-08,decrease
USC00325220,ND,46.4444,-97.6928,0,0.26221547669612499,none
USC00325479,ND,46.8128,-100.9097,0,0.108310911155563,none
USC00326015,ND,46.6706,-100.2294,-12.81164801,9.9067983395924805E-3,decrease
USC00326155,ND,46.3747,-102.3211,13.4620728,8.9629493801021802E-3,increase
USC00326255,ND,46.5067,-99.7692,-11.70493506,3.28519185693304E-3,decrease
USC00326315,ND,46.5406,-102.8692,0,0.55359278591501604,none
USC00327530,ND,46.8886,-102.3192,0,0.121167088511559,none
USC00328792,ND,48.3706,-100.3908,-7.119206133,8.8236725821368198E-2,decrease
USC00329445,ND,48.6061,-100.2911,0,0.15656323055657601,none
USC00331072,OH,40.8125,-82.9697,0,0.86285617733902698,none
USC00331152,OH,40.2686,-80.9981,-16.79229879,2.50602594609276E-2,decrease
USC00331541,OH,41.0517,-81.9361,-15.49237768,6.6430164998212598E-3,decrease
USC00331592,OH,39.6103,-82.9556,-18.06961039,7.2281888845550802E-4,decrease
USC00331890,OH,40.2403,-81.8711,-22.1985742,4.30873277153076e-05,decrease
USC00332098,OH,41.2783,-84.3847,0,0.15346355797095401,none
USC00332791,OH,41.0461,-83.6622,0,0.485902875587922,none
USC00333375,OH,40.1033,-84.6503,0,0.58642362420989003,none
USC00333758,OH,39.2333,-83.6092,-12.60289912,4.4934808714090002E-2,decrease
USC00333780,OH,41.3072,-81.1475,-12.82701299,2.8657505825216401E-3,decrease
USC00334189,OH,40.6486,-83.6061,0,0.91221745573633195,none
USC00335041,OH,39.6522,-81.8561,-28.49130037,1.53062026581098e-05,decrease
USC00335297,OH,40.5375,-81.9197,10.59270005,3.9838864113047899E-2,increase
USC00335315,OH,40.7692,-80.8561,0,0.47481870905159401,none
USC00336118,OH,41.2633,-82.6147,0,0.25631216468790202,none
USC00336196,OH,41.2803,-82.2186,-18.23686132,2.0579002593340899E-3,decrease
USC00336600,OH,39.8386,-81.9167,-31.58350903,7.07696778858824e-05,decrease
USC00336781,OH,38.7569,-82.8872,0,0.45543714998809798,none
USC00338313,OH,41.1167,-83.1667,0,0.61359677186287098,none
USC00338534,OH,40.8333,-83.2833,-15.18763323,9.7136258538882501E-3,decrease
USC00338552,OH,40.0992,-83.7822,0,0.77784574627411696,none
USC00338769,OH,41.2019,-80.8106,-10.90181818,1.4538989790602801E-2,decrease
USC00338822,OH,41.5183,-84.1453,0,0.33489236186392801,none
USC00338830,OH,39.1114,-82.9797,10.92467532,4.55940252445802E-2,increase
USC00339312,OH,40.7814,-81.9197,0,0.19414430384817499,none
USC00340017,OK,34.7864,-96.685,0,0.545610852383692,none
USC00340179,OK,34.5903,-99.3344,0,0.29525105992786299,none
USC00340256,OK,34.2208,-95.615,0,0.94826455450828395,none
USC00340292,OK,34.1772,-97.1617,0,0.29492819128674402,none
USC00340593,OK,36.8125,-100.5308,0,0.23464056543172199,none
USC00340908,OK,36.7236,-102.4806,0,0.290390371612683,none
USC00341243,OK,36.8003,-99.64,13.76113671,5.88196163523306E-2,increase
USC00341504,OK,35.1756,-98.5794,-17.24137931,6.04412724965901E-2,decrease
USC00341724,OK,36.7672,-98.4244,0,0.65183926368862399,none
USC00341828,OK,36.3225,-95.5808,0,0.114619628060579,none
USC00342678,OK,34,-96.3686,-17.46788295,6.4738761683939994E-2,decrease
USC00342912,OK,36.4194,-97.8747,0,0.465691442620083,none
USC00342944,OK,35.2164,-99.8628,0,0.111442958492434,none
USC00343497,OK,35.6306,-98.3217,-21.53400317,8.8598789850533304E-3,decrease
USC00343628,OK,36.5914,-101.6181,0,0.108077172845221,none
USC00343821,OK,35.8161,-97.395,0,0.63882569046058602,none
USC00343871,OK,35.585,-99.3953,-31.7849211,4.7978014123173802E-4,decrease
USC00344055,OK,36.0942,-97.835,0,0.56062442319754602,none
USC00344235,OK,35.0567,-96.3861,0,0.86946018000343295,none
USC00344298,OK,36.8594,-101.2214,0,0.87709652857507703,none
USC00344573,OK,36.6856,-97.7486,0,0.59634684907001601,none
USC00344861,OK,35.8583,-97.9294,-16.10330261,5.7618724731363598E-2,decrease
USC00345063,OK,34.6097,-98.4572,0,0.51841373059704698,none
USC00345509,OK,34.8911,-99.5017,-15.19124424,5.9675842246155998E-2,decrease
USC00345779,OK,35.505,-96.9772,-14.02265254,7.7672752430919798E-2,decrease
USC00345855,OK,36.8833,-94.8833,-21.87045046,8.7840751968128496E-3,decrease
USC00346130,OK,35.7781,-95.3339,0,0.798046466240389,none
USC00346139,OK,36.2283,-99.17,-11.00297668,8.1880659715709E-2,decrease
USC00346278,OK,36.9422,-97.0058,0,0.59178481444325004,none
USC00346629,OK,36.1217,-98.315,0,0.12380975297680299,none
USC00346638,OK,35.4253,-96.3033,0,0.58053131279302495,none
USC00346670,OK,35.6239,-96.025,0,0.77494966912306196,none
USC00346926,OK,34.7253,-97.2814,-15.8734639,7.4892446040402794E-2,decrease
USC00346935,OK,36.6692,-96.3472,0,0.24472423124239601,none
USC00347012,OK,36.2886,-97.2897,0,0.75514604740837998,none
USC00348501,OK,36.1175,-97.095,0,0.68223275438548403,none
USC00348677,OK,35.9369,-94.9644,-21.22678522,3.7810492386650602E-2,decrease
USC00349395,OK,34.1747,-97.9964,-21.05171867,3.2554928337529897E-2,decrease
USC00349422,OK,35.52,-98.6986,0,0.144795021653155,none
USC00349445,OK,35.4814,-95.2039,0,0.63142415801859797,none
USC00350304,OR,42.2131,-122.7147,16.36155844,1.77603069035803e-05,increase
USC00350694,OR,44.0569,-121.285,8.601558442,9.9623629235146508E-3,increase
USC00351055,OR,42.0464,-124.2878,0,0.45556313661619102,none
USC00351433,OR,44.3914,-122.4811,-11.17412587,2.7031911553335401E-2,decrease
USC00351765,OR,45.2408,-120.1789,7.635237512,3.9260799749556902E-2,increase
USC00351862,OR,44.6342,-123.19,12.83428571,2.41227467494651e-05,increase
USC00351897,OR,43.7917,-123.0275,9.104638425,1.05592920050981E-2,increase
USC00351946,OR,42.8978,-122.1339,0,0.11541096156797399,none
USC00352406,OR,43.6592,-123.325,9.206507199,6.6330498379478398E-3,increase
USC00352440,OR,45.4539,-121.1303,10.02394445,3.8442250486311801E-2,increase
USC00352997,OR,45.5247,-123.1025,0,0.33413226110640398,none
USC00353445,OR,42.4239,-123.3219,9.928311688,1.70981319855039E-2,increase
USC00353770,OR,45.4486,-122.1547,0,0.99017848094831296,none
USC00353827,OR,45.3653,-119.5639,10.6825974,1.26341384896532E-3,increase
USC00354003,OR,45.6847,-121.5175,8.505974026,7.4843296170735403E-3,increase
USC00354670,OR,42.2414,-120.3678,17.41047065,8.7140074553348102E-4,increase
USC00355362,OR,44.1792,-122.1164,0,0.56190962310180703,none
USC00355384,OR,45.2214,-123.1622,0,0.69870754514448896,none
USC00355593,OR,45.9428,-118.4089,0,0.18835349466547999,none
USC00355734,OR,45.4825,-120.7236,8.628571429,1.31380095070469E-2,increase
USC00356426,OR,42.6922,-120.5403,0,0.81075770474081299,none
USC00356634,OR,45.4756,-118.8253,0,0.25667409655194301,none
USC00356883,OR,44.3006,-120.8406,8.178615756,4.5144144664986598E-2,increase
USC00356907,OR,42.7331,-122.5164,0,0.74930554985838005,none
USC00357169,OR,42.9508,-123.3572,24.73142857,1.51939866794938e-09,increase
USC00358466,OR,45.1219,-122.07,0,0.22669734440753,none
USC00358494,OR,45.4539,-123.8519,5.654894247,8.3453543699459606E-2,increase
USC00358746,OR,45.1986,-117.8647,12.79435484,3.6505590595508602E-3,increase
USC00358797,OR,43.9814,-117.2439,-13.57796576,1.2304285382644E-2,decrease
USC00358997,OR,45.5731,-117.5311,20.94348671,1.07333848453051e-08,increase
USC00361354,PA,39.9353,-77.6394,0,0.39183876423819503,none
USC00363028,PA,41.4003,-79.8306,0,0.17766079692883899,none
USC00364896,PA,40.3372,-76.4617,0,0.190669907568256,none
USC00365915,PA,41.8511,-75.8583,0,0.53958005839803003,none
USC00366233,PA,41.0172,-80.3614,11.19737307,6.5589418957161097E-2,increase
USC00367029,PA,41.7394,-75.4464,0,0.81876097569733597,none
USC00367477,PA,41.4197,-78.7492,-9.714285714,6.4284635116020603E-2,decrease
USC00367931,PA,40.7831,-76.8617,0,0.19256327001208201,none
USC00368449,PA,40.7933,-77.8672,0,0.104602267040573,none
USC00368596,PA,41.0147,-75.2072,0,0.106728492665738,none
USC00368905,PA,41.7511,-76.4431,0,0.65217123947437095,none
USC00369050,PA,39.915,-79.7192,0,0.95701938556885002,none
USC00369298,PA,41.8467,-79.1494,-7.678961039,6.4305215589254297E-2,decrease
USC00369408,PA,41.7003,-77.3872,0,0.44485760402068297,none
USC00369464,PA,39.9708,-75.635,0,0.45697251949925,none
USC00369933,PA,39.9167,-76.75,0,0.13992918342451699,none
USC00374266,RI,41.4903,-71.5431,24.97766234,4.68355659846628e-10,increase
USC00380074,SC,33.4925,-81.6958,22.8,1.07983512779693E-2,increase
USC00380165,SC,34.5283,-82.6608,0,0.74702557180481499,none
USC00381277,SC,34.0906,-82.5883,0,0.123852662574207,none
USC00381588,SC,34.7028,-79.8822,-18.64207792,3.4515287878306503E-4,decrease
USC00381770,SC,34.6603,-82.8233,0,0.46510652876338998,none
USC00381944,SC,33.9917,-81.0247,30.75324675,1.31572855857821e-06,increase
USC00381997,SC,33.8314,-79.0558,-9.544736212,4.8410516039665397E-2,decrease
USC00382260,SC,34.3011,-79.8767,0,0.41019461399185497,none
USC00383468,SC,33.3619,-79.2239,0,0.82047234939581903,none
USC00383754,SC,34.1997,-82.1711,0,0.57023363782406,none
USC00385017,SC,34.4989,-82.0219,0,0.179696190363553,none
USC00385200,SC,34.1994,-81.4144,-22.81454545,9.1100762104203705E-4,decrease
USC00386209,SC,34.2917,-81.6208,0,0.64730753422338405,none
USC00386527,SC,33.4889,-80.8742,0,0.499138392465792,none
USC00387631,SC,33.9919,-81.7714,0,0.653146208414916,none
USC00387722,SC,34.635,-81.5206,0,0.69465406900124604,none
USC00388426,SC,33.0367,-80.2325,0,0.64947142756951903,none
USC00388440,SC,33.935,-80.3478,-12.75844156,2.8728900347605699E-2,decrease
USC00388887,SC,34.7544,-83.075,0,0.90483600356498095,none
USC00389327,SC,34.3706,-81.0825,0,0.84626621909210697,none
USC00389350,SC,34.9378,-81.0375,0,0.839748429863997,none
USC00389469,SC,32.7019,-80.8517,0,0.14013618430604899,none
USC00390043,SD,43.4894,-99.0628,-11.10857143,1.6473229743408601E-2,decrease
USC00390128,SD,43.6514,-97.7981,0,0.159220460748736,none
USC00391392,SD,43.3111,-96.5878,-23.58392198,7.30227135090433e-06,decrease
USC00391739,SD,44.8817,-97.7325,-15.1547619,6.9214756746290296E-3,decrease
USC00391972,SD,43.9611,-101.8606,0,0.73874368125105605,none
USC00392429,SD,45.0469,-101.6022,0,0.28955691125147698,none
USC00392797,SD,45.7656,-99.6222,-11.7838961,8.0020463841187894E-3,decrease
USC00392927,SD,45.0325,-99.1225,-11.53246753,5.9368199415130102E-3,decrease
USC00393029,SD,44.0683,-98.0833,0,0.19934424313306801,none
USC00393217,SD,44.0569,-99.0719,0,0.29663779469478901,none
USC00393832,SD,44.5139,-99.4422,-9.378701299,5.1930592612509603E-2,decrease
USC00394007,SD,43.4378,-103.4739,0,0.42753207976375301,none
USC00394037,SD,44.0122,-97.5317,-16.25246753,3.9176295702032701E-4,decrease
USC00394516,SD,43.9025,-99.8581,0,0.374556010795912,none
USC00395456,SD,45.155,-98.5825,-20.12315347,1.3587189307217901E-4,decrease
USC00395481,SD,43.2358,-97.5714,-10.71272727,3.2428166129759198E-2,decrease
USC00395536,SD,45.2836,-96.6689,-12.0558158,3.2995267190459802E-2,decrease
USC00395891,SD,43.8878,-100.7075,-7.529350649,5.1621770602884802E-2,decrease
USC00396947,SD,44.1206,-103.2842,-10.22702703,1.61281370507411E-2,decrease
USC00398622,SD,42.7625,-96.9194,-9.862388006,3.7121102965422301E-2,decrease
USC00399442,SD,43.4989,-100.4814,-14.73967733,2.77472952777027E-4,decrease
USC00401790,TN,36.5472,-87.3353,0,0.28095762400763802,none
USC00402024,TN,34.9939,-84.3758,-25.56025845,5.34919876292422E-4,decrease
USC00402108,TN,35.5497,-89.7,-14.73869886,3.5642584166073202E-2,decrease
USC00402202,TN,36.0147,-85.1314,0,0.31392945243214498,none
USC00402489,TN,36.075,-87.3958,-31.76103896,1.04511546822033e-05,decrease
USC00402589,TN,36.4819,-87.8628,-21.07220779,1.4120694275536201E-3,decrease
USC00404561,TN,35.6214,-88.8456,0,0.78940665059090198,none
USC00405187,TN,35.4139,-86.8086,17.31428571,1.28901233882277E-2,increase
USC00405882,TN,35.6722,-85.7811,0,0.59030100428787702,none
USC00406371,TN,35.9203,-86.3728,0,0.107583766153168,none
USC00406534,TN,35.9833,-83.2008,-20.31168831,7.2526429847280505E-4,decrease
USC00407884,TN,36.4161,-82.9839,-21.44311688,4.9113252171382701E-4,decrease
USC00409155,TN,35.3453,-86.2089,-10.37402597,9.1799650137436697E-2,decrease
USC00409219,TN,36.3925,-89.0317,-12.15168831,5.6649957380009698E-2,decrease
USC00409502,TN,35.3042,-87.7592,-12.37506494,3.25701728409774E-2,decrease
USC00410120,TX,32.7047,-99.3011,-17.58753247,2.69741385818421E-2,decrease
USC00410174,TX,30.3764,-103.66,26.97397995,1.8597867147304901E-4,increase
USC00410493,TX,31.7414,-99.9764,0,0.70032073775580095,none
USC00410498,TX,30.9839,-103.7408,-14.15835438,4.0090906714217896E-3,decrease
USC00410639,TX,28.4575,-97.7061,0,0.706348307171761,none
USC00410832,TX,30.095,-98.4142,-15.92829816,3.3545850237339699E-2,decrease
USC00410902,TX,29.7986,-98.7353,13.76207792,5.7073105486006297E-2,increase
USC00411048,TX,30.1592,-96.3972,-19.18545455,1.6222594820572499E-2,decrease
USC00411138,TX,31.7228,-99.0142,18.3426877,7.76771400704646E-3,increase
USC00411772,TX,33.6164,-95.0717,0,0.44139977782381501,none
USC00412019,TX,32.1225,-96.4867,0,0.20241061418665801,none
USC00412121,TX,33.6608,-101.2778,0,0.92435151330764598,none
USC00412266,TX,29.0567,-96.2319,0,0.50882813292838003,none
USC00412598,TX,32.0628,-98.3047,0,0.40156771780277301,none
USC00412679,TX,28.7569,-100.4792,-16.90483747,2.12564592086191E-2,decrease
USC00412906,TX,27.9775,-99.3847,-14.38836669,5.6082452106372901E-2,decrease
USC00413063,TX,27.1353,-98.1203,-13.85834713,9.9838187656694097E-2,decrease
USC00413183,TX,29.6339,-97.0644,0,0.58569231765182606,none
USC00413280,TX,30.9072,-102.9153,10.1915067,5.2632152158751E-2,increase
USC00413734,TX,33.1678,-96.0983,0,0.173380029226013,none
USC00413873,TX,29.4706,-96.9397,0,0.58553818239807198,none
USC00413992,TX,33.1644,-99.7389,0,0.70996944195292899,none
USC00415018,TX,31.0717,-98.1847,-16.41905594,7.5947288055532899E-2,decrease
USC00415196,TX,30.0592,-94.795,-14.6949278,3.7056615242771797E-2,decrease
USC00415272,TX,30.7425,-98.6542,0,0.80439011601840005,none
USC00415429,TX,29.6756,-97.6578,20.86545455,5.9976186128348503E-3,increase
USC00415618,TX,32.4892,-94.3289,0,0.13364503335486899,none
USC00415707,TX,31.1331,-102.2217,9.598602864,6.4885335902311797E-2,increase
USC00415875,TX,35.6936,-100.6392,0,0.15643509489861901,none
USC00416135,TX,34.2192,-102.7328,0,0.19691770067171799,none
USC00416276,TX,29.6597,-98.1636,-36.76612274,5.00619241065428e-05,decrease
USC00416794,TX,33.6744,-95.5586,0,0.10096859429121199,none
USC00417079,TX,34.1892,-101.7022,0,0.107725365315749,none
USC00417336,TX,34.2761,-99.7578,-19.63136365,2.8482674393493699E-2,decrease
USC00417622,TX,26.3769,-98.8117,0,0.38970662269763201,none
USC00418201,TX,32.7131,-102.6597,0,0.979670100813824,none
USC00418433,TX,32.71,-100.9111,0,0.25461852204368002,none
USC00418692,TX,36.4414,-102.0775,0,0.74947806569564801,none
USC00419532,TX,32.7483,-97.77,-19.05662338,4.2543625024804802E-3,decrease
USC00420086,UT,37.4403,-112.4819,22.84675325,2.00592087031398e-06,increase
USC00420738,UT,37.6133,-109.4847,11.72936269,8.0265774459589E-3,increase
USC00420788,UT,37.2825,-109.5575,7.399480519,8.8064835147988504E-2,increase
USC00422101,UT,39.2875,-112.6514,25.56883117,1.56226545004733e-07,increase
USC00422253,UT,40.1703,-110.3978,0,0.51310859673534803,none
USC00422592,UT,37.7686,-111.5978,38.9532758,2.02424581628191e-15,increase
USC00422828,UT,38.9603,-112.3239,0,0.15811300376976301,none
USC00422996,UT,40.2842,-109.8611,21.2425974,2.77205243477051e-07,increase
USC00423418,UT,38.9906,-110.1544,0,0.101632240933464,none
USC00423809,UT,40.4917,-111.4261,26.89562937,3.95179372613678e-05,increase
USC00424508,UT,37.0286,-112.5361,9.918961039,3.8445424605137099E-2,increase
USC00424856,UT,41.8253,-111.3206,-9.265454545,3.0553819699276299E-2,decrease
USC00425065,UT,39.5608,-111.8653,0,0.42440403877190203,none
USC00425186,UT,41.7456,-111.8033,17.33402597,2.04009719670308e-05,increase
USC00425402,UT,39.2583,-111.6308,0,0.45993404914615899,none
USC00425477,UT,38.4492,-112.2239,0,0.113548997056885,none
USC00425733,UT,38.5744,-109.5458,0,0.50462303530139496,none
USC00425826,UT,41.0367,-111.6711,19.85800603,3.99513515696321e-05,increase
USC00426135,UT,39.7119,-111.8319,-16.56935065,2.1735380244436401E-4,decrease
USC00426404,UT,41.2439,-111.9467,0,0.70415829963493803,none
USC00426601,UT,37.8247,-112.4308,17.93813265,1.2724227141567401E-3,increase
USC00426686,UT,37.8831,-112.7711,22.52364251,1.8281606820495401E-4,increase
USC00427260,UT,38.7617,-112.0778,11.94181818,3.4118074360342402E-3,increase
USC00427516,UT,37.1189,-113.6067,11.13328515,1.0249747832787001E-2,increase
USC00427714,UT,39.2453,-112.1067,21.72364676,1.40762780682973e-07,increase
USC00427909,UT,40.5453,-111.5042,29.036526,2.0730632070415999E-4,increase
USC00428119,UT,40.08,-111.6047,9.048311688,1.6827793211962001E-2,increase
USC00428771,UT,40.5353,-112.3217,43.92727273,9.53434532252522e-16,increase
USC00428973,UT,40.3603,-111.8972,19.63429695,1.7838297051768e-06,increase
USC00429111,UT,40.44,-109.5356,0,0.324197424377899,none
USC00429595,UT,41.5147,-111.1594,22.4238961,1.59590251596918e-06,increase
USC00429717,UT,37.2092,-112.9814,13.13766234,1.51305634572008E-3,increase
USC00431243,VT,43.3847,-72.5989,0,0.87842624213695897,none
USC00431580,VT,43.9572,-73.2106,0,0.38375598705164898,none
USC00432769,VT,44.9094,-72.8083,0,0.113912264625339,none
USC00437054,VT,44.42,-72.0194,-8.051948052,2.8304308642480298E-2,decrease
USC00440766,VA,37.2039,-80.4144,0,0.67330600120573303,none
USC00441209,VA,37.0908,-81.3364,0,0.72803561009256001,none
USC00441593,VA,38.0328,-78.5225,0,0.59171597548362098,none
USC00442208,VA,38.4547,-78.9353,0,0.89444762679381495,none
USC00442245,VA,36.5628,-79.3633,0,0.46754011132997703,none
USC00442941,VA,37.2861,-78.4053,0,0.15736772928342699,none
USC00444101,VA,37.2992,-77.2775,0,0.74396302331578201,none
USC00444128,VA,37.9994,-79.8322,0,0.99445652552729402,none
USC00444876,VA,37.7767,-79.4386,0,0.56264817510113196,none
USC00444909,VA,39.1422,-77.7094,-9.885714286,3.6195556569638902E-2,decrease
USC00446626,VA,36.7586,-83.0106,0,0.260760175740199,none
USC00446712,VA,38.2253,-78.1189,0,0.112703172273609,none
USC00447338,VA,36.9769,-79.8961,0,0.88660721850398205,none
USC00448062,VA,38.1814,-79.0903,-11.87636364,6.1800597768407297E-3,decrease
USC00449151,VA,37.3017,-76.7039,0,0.82780200009737304,none
USC00449263,VA,38.9031,-78.4792,-13.10767864,2.14474289731338E-2,decrease
USC00450008,WA,46.9658,-123.8292,-8.644324324,5.2312745987956202E-4,decrease
USC00450729,WA,48.9947,-122.7619,0,0.25423963214991102,none
USC00450945,WA,47.1694,-122.0036,10.15769231,4.3939765735016401E-2,increase
USC00451233,WA,47.4144,-121.7561,-8.163116883,3.5292863698354299E-2,decrease
USC00451276,WA,46.72,-122.9528,0,0.71763937521545795,none
USC00451484,WA,48.9672,-122.3292,8.525714286,1.6676856016157201E-2,increase
USC00451504,WA,47.1889,-120.9131,0,0.50576287675842502,none
USC00451666,WA,48.5558,-119.7492,8.749024603,9.4640284888128104E-2,increase
USC00452007,WA,47.6636,-118.1614,0,0.87985600080224502,none
USC00452030,WA,46.3153,-118.0022,0,0.76320243700842905,none
USC00452505,WA,46.9692,-120.54,9.042078558,2.7114990523704401E-2,increase
USC00452675,WA,47.9753,-122.195,16.17246753,1.5570450417239e-06,increase
USC00452914,WA,47.9558,-124.3539,9.014025974,7.2788629066048204E-3,increase
USC00454154,WA,46.2111,-119.1011,11.43584416,6.9736444187056695E-4,increase
USC00454769,WA,46.1372,-122.9781,14.46089795,1.09872317448922E-4,increase
USC00455224,WA,47.1356,-122.2561,0,0.51851548344138598,none
USC00455946,WA,48.8994,-117.8289,-7.979432854,7.2674449047133799E-2,decrease
USC00456039,WA,47.3331,-118.6961,0,0.31872932152653899,none
USC00456096,WA,48.6117,-122.8064,16.42020079,8.0522691980168797E-4,increase
USC00456610,WA,46.4672,-117.5883,-7.375651167,7.8194504734089301E-2,decrease
USC00456624,WA,48.1139,-123.4317,0,0.82531611833414698,none
USC00456678,WA,48.1161,-122.7586,0,0.19127186904458399,none
USC00456789,WA,46.7603,-117.1861,15.14599452,1.68275931753991e-05,increase
USC00457059,WA,47.1175,-118.3714,0,0.39989169132192698,none
USC00457267,WA,47.0933,-117.5878,0,0.55450611363475399,none
USC00457507,WA,48.4958,-122.2355,0,0.34064755063683799,none
USC00457773,WA,47.5414,-121.8361,0,0.40372725402875798,none
USC00458059,WA,48.3508,-120.7264,17.40489723,3.01077278799847e-06,increase
USC00458207,WA,46.3236,-120.0103,0,0.80931841934411897,none
USC00458773,WA,45.6775,-122.6514,6.393766234,3.72523613721348E-2,increase
USC00459012,WA,47.6497,-120.08,0,0.13681701129961901,none
USC00459074,WA,47.4289,-120.31,12.20155844,5.2762138308832802E-4,increase
USC00459238,WA,47.7681,-118.7239,8.522597403,1.5203384235428699E-2,increase
USC00459376,WA,48.4742,-120.1886,0,0.28771673523040298,none
USC00461220,WV,38.9803,-80.22,0,0.35330261028950799,none
USC00463544,WV,38.9339,-80.8317,0,0.444009065382926,none
USC00465224,WV,37.8567,-80.4042,0,0.92942439330333304,none
USC00466867,WV,39.0736,-79.6339,0,0.77488101736554305,none
USC00467029,WV,37.5742,-81.5356,-36.6838144,1.85833372202837e-07,decrease
USC00468384,WV,38.8008,-81.3583,0,0.32229400128763103,none
USC00469683,WV,38.5278,-81.9153,0,0.54786167307283895,none
USC00470349,WI,46.5831,-90.9678,0,0.68407477827672603,none
USC00471078,WI,42.6181,-89.3867,-7.405714286,9.5763138731151498E-2,decrease
USC00472001,WI,42.6783,-90.1061,0,0.82923838445745301,none
USC00472839,WI,43.7953,-88.4533,-18.34805195,5.53167286516339e-05,decrease
USC00473405,WI,44.1186,-89.5358,-10.63792208,1.53272353685879E-2,decrease
USC00474546,WI,42.8278,-90.7889,-17.49402597,2.4529012185902098E-4,decrease
USC00475017,WI,44.0869,-87.6522,-9.15012987,1.12966267482832E-2,decrease
USC00475120,WI,44.6411,-90.1333,0,0.53567024748965597,none
USC00475255,WI,45.1308,-90.3439,0,0.99717119239074203,none
USC00475474,WI,43.0722,-88.0294,0,0.55836959177867496,none
USC00475516,WI,45.8864,-89.7322,-8.033246753,6.1700822579944699E-2,decrease
USC00475808,WI,44.5378,-90.535,-9.516883117,2.3002609142228101E-2,decrease
USC00475932,WI,44.3586,-88.7189,-14.23176705,1.15674825774671E-3,decrease
USC00476208,WI,44.8919,-87.955,-12.27636364,2.2945805902536E-3,decrease
USC00476330,WI,44.0206,-88.5578,0,0.34488037044892,none
USC00476718,WI,43.5306,-89.4369,-8.03012987,6.6877734840379496E-2,decrease
USC00476827,WI,43.0514,-91.135,-20.86857143,1.73866986871513e-05,decrease
USC00476922,WI,42.7028,-87.7858,-20.75970135,3.61738751261116e-08,decrease
USC00478027,WI,45.8236,-91.8761,-7.998961039,6.06592560466995E-2,decrease
USC00478110,WI,44.9528,-90.9269,-12.23444253,3.3176235006624102E-2,decrease
USC00478827,WI,43.5594,-90.8761,-17.27376623,4.2325184167466e-05,decrease
USC00478919,WI,43.1742,-88.7364,-18.95896104,3.08630421249406e-05,decrease
USC00480140,WY,43.7728,-111.0339,0,0.19810319056110301,none
USC00480540,WY,44.3797,-108.035,7.297297297,3.8632139374818998E-2,increase
USC00481730,WY,41.7594,-104.8222,0,0.88612358336977703,none
USC00481840,WY,44.5022,-109.1111,0,0.33588967921920498,none
USC00481905,WY,44.8694,-104.1553,0,0.97977460828804697,none
USC00482595,WY,43.2281,-108.9492,0,0.75085731546699197,none
USC00482715,WY,43.5397,-109.6553,0,0.131459530674056,none
USC00483100,WY,41.2625,-110.9456,0,0.47158205566360301,none
USC00484065,WY,41.5167,-109.4703,13.43133167,2.1884905027567399E-3,increase
USC00485345,WY,44.5622,-110.3986,13.73485952,4.4368048997256898E-4,increase
USC00486195,WY,43.4131,-106.2772,-14.36339028,1.71119974888136E-4,decrease
USC00486440,WY,43.8567,-110.5889,13.33194805,5.9247722881715604E-3,increase
USC00486660,WY,43.8497,-104.1886,12.71896104,3.47124138871696E-3,increase
USC00487115,WY,43.2458,-108.6942,10.70054054,5.8969191361356796E-3,increase
USC00487260,WY,42.875,-109.8622,0,0.14066320872509799,none
USC00487760,WY,43.0306,-108.3744,0,0.71253088924748897,none
USC00487990,WY,41.4528,-106.8053,0,0.93458554243332603,none
USC00488160,WY,44.8406,-106.8383,0,0.17916260771857001,none
USC00488995,WY,42.0803,-104.2236,0,0.56280094922909996,none
USC00489615,WY,42.1106,-104.9492,0,0.300331754933504,none
USC00489770,WY,44.0114,-107.9683,21.62077922,8.79900297682556e-09,increase
USC00489905,WY,44.9767,-110.6964,15.52727273,2.5394159278388999E-4,increase
USW00003822,GA,32.1314,-81.2022,9.081558442,8.4759675321914599E-2,increase
USW00003870,SC,34.8833,-82.2197,20.62168165,7.7765790996070297E-3,increase
USW00003959,OK,36.7664,-96.0131,0,0.50531224255453,none
USW00004725,NY,42.1997,-75.9847,0,0.75588424193829695,none
USW00012835,FL,26.585,-81.8614,22.72103896,1.7069318784534301E-3,increase
USW00012836,FL,24.5569,-81.7553,0,0.100647615353482,none
USW00012921,TX,29.5442,-98.4839,24.15168831,1.13413114162608E-3,increase
USW00012924,TX,27.7839,-97.5114,29.59376623,1.7089174383154399E-4,increase
USW00012930,LA,29.9167,-90.1303,34.11811461,1.89496304957027e-07,increase
USW00013724,NJ,39.3778,-74.4236,0,0.12643278439554401,none
USW00013734,WV,39.4039,-77.975,0,0.24453030971272399,none
USW00013737,VA,36.9036,-76.1928,6.457142857,7.8914500656478204E-2,increase
USW00013782,SC,32.775,-79.9239,-7.963636364,8.3089788495996006E-2,decrease
USW00013896,AL,34.7439,-87.5997,0,0.13916488165628699,none
USW00013899,FL,30.4761,-87.1858,9.766233766,9.4908643298118295E-2,increase
USW00013970,LA,30.5378,-91.1469,14.11220779,3.0389437907439601E-2,increase
USW00013976,LA,30.1986,-91.9894,0,0.60593207257182002,none
USW00013980,KS,37.155,-98.0283,-10.05571957,6.4248673102158302E-2,decrease
USW00014733,NY,42.9489,-78.7367,0,0.44365059398104201,none
USW00014735,NY,42.7472,-73.7992,0,0.79805290269740403,none
USW00014737,PA,40.6497,-75.4478,0,0.204267262624475,none
USW00014742,VT,44.4683,-73.15,9.745454545,1.2020025134348701E-2,increase
USW00014743,NY,44.5772,-75.1097,-8.479792788,6.4333925189999003E-2,decrease
USW00014757,NY,41.6258,-73.8817,6.942245924,9.7166643222668395E-2,increase
USW00014764,ME,43.6425,-70.3045,0,0.66925123545290599,none
USW00014765,RI,41.7225,-71.4325,11.65194805,1.1187660670818199E-3,increase
USW00014768,NY,43.1172,-77.6753,0,0.10401612302419901,none
USW00014771,NY,43.1111,-76.1039,0,0.37688129377497398,none
USW00014778,PA,41.2431,-76.9217,0,0.189769957764297,none
USW00014804,MI,42.6083,-82.8183,0,0.81573197311732004,none
USW00014860,PA,42.0803,-80.1822,0,0.22836684938812801,none
USW00014922,MN,44.8853,-93.2314,0,0.97969093255533601,none
USW00014924,ND,48.9711,-97.2417,-11.75792208,4.6047277240213796E-3,decrease
USW00014929,SD,45.4558,-98.4133,-8.437402597,4.5497995168350597E-2,decrease
USW00014946,SD,44.9044,-97.1494,-7.805714286,7.0089300638782798E-2,decrease
USW00023009,NM,33.3072,-104.5081,28.55282387,9.97883795951992e-07,increase
USW00023044,TX,31.8122,-106.3775,23.20415584,9.95706187051619e-06,increase
USW00023051,NM,36.4483,-103.1536,25.03765194,1.30541402649594e-06,increase
USW00023170,UT,38.3706,-110.7153,23.53994024,2.38927534588152e-06,increase
USW00023179,CA,34.7678,-114.6183,20.91532468,2.74734811805983e-08,increase
USW00023185,NV,39.5078,-119.7683,24.35324675,5.44276935754255e-09,increase
USW00024018,WY,41.1519,-104.8061,17.8825974,1.35913973708907e-05,increase
USW00024022,WY,41.3164,-105.6728,16.07688312,2.0084423263099901E-4,increase
USW00024025,SD,44.3819,-100.2864,0,0.66832684303559997,none
USW00024027,WY,41.5947,-109.0528,19.62425526,4.94758622942256e-05,increase
USW00024037,MT,46.4264,-105.8833,0,0.66228158425508099,none
USW00024119,NV,40.6117,-116.8917,31.56324324,1.24581468461633e-11,increase
USW00024121,NV,40.8239,-115.7864,17.28623377,4.1344240211537E-4,increase
USW00024128,NV,40.9017,-117.8081,18.43844156,7.80747842256414e-06,increase
USW00024130,OR,44.8431,-117.81,11.83896104,5.2985909815570897E-4,increase
USW00024137,MT,48.6036,-112.3767,12.84051948,6.1889384179853997E-4,increase
USW00024143,MT,47.4733,-111.3828,12.38233766,4.4677253300038001E-4,increase
USW00024144,MT,46.6044,-111.9892,23.41924238,2.09518970807761e-08,increase
USW00024149,ID,46.3744,-117.0153,13.61142857,4.75734407672158e-05,increase
USW00024151,ID,42.1492,-112.2872,0,0.16152214603262599,none
USW00024157,WA,47.6217,-117.5281,8.754285714,9.6296293264902296E-3,increase
USW00024160,WA,46.0944,-118.2858,0,0.154157179075262,none
USW00024193,UT,40.7206,-114.0358,0,0.27654638231947298,none
USW00024213,CA,40.8097,-124.1603,22.77714286,2.78665036016894e-06,increase
,OR,43.4133,-124.2436,15.08987013,,
,OR,44.6431,-124.0556,0,,
USW00093193,CA,36.78,-119.7203,16.6212987,9.32023518702893e-05,increase
USW00093729,NC,35.2325,-75.6222,23.64195067,1.45723253718701E-4,increase
,FL,30.3975,-84.3289,31.05350649,,
USW00093806,AL,33.2122,-87.6156,0,0.61073126028439095,none
,KY,36.9647,-86.4239,0,,
USW00093986,OK,34.9892,-99.0528,0,0.14301311645644901,none
USW00094008,MT,48.2064,-106.6247,0,0.10539562703913199,none
USW00094224,OR,46.1569,-123.8833,5.359758551,7.4371944604536194E-2,increase
,NY,40.7789,-73.9692,0,,
USW00094967,MN,46.8997,-95.0669,0,0.71525181051548803,none
,OR,43.4133,-124.2436,15.07441688,,
,OR,44.6431,-124.0556,0,,
,CA,36.78,-119.7194,12.65309145,,
,NC,35.2325,-75.6219,23.03406593,,
,FL,30.3975,-84.3289,31.31951129,,
,AL,33.2119,-87.6161,0,,
,KY,36.9647,-86.4239,0,,
,OK,34.9894,-99.0525,0,,
,MT,48.2138,-106.6213,0,,
,OR,46.1569,-123.8825,0,,
,NY,40.7789,-73.9692,0,,
,NY,43.145,-75.3839,0,,
,MN,46.9006,-95.0678,0,,
